<resources>
    <string name="app_name">Donation App</string>
    <string name="donor">Donor</string>
    <string name="ngo">NGO</string>
    <string name="textview">TIME TO DONATE </string>
    <string name="textview2">Its better for Environment,it help Person who Needs Some Goods and You will fell Great.If you are Wondering where to donate Household items then check out our app for items drop of locations or to schedule home pick </string>
    <string name="user_requirements">User Donation List</string>
    <string name="add_requirements">Click Here To Donate</string>
    <string name="ngo_requirements">NGO Requirements</string>
    <string name="near_by_ngo">Near By NGO</string>
    <string name="donor_post_button">Post</string>
    <string name="ngo_post_button">Post</string>
    <string name="donor_text_">Enter Your Donation Item</string>
    <string name="get_started">GET STARTED</string>
    <string name="user_requirements_add_photo">Add a Photo</string>
    <string name="ngo_requirements_add_photo">Add a Photo</string>
    <string name="textview3">In this Field Donor See the Requirements which Was Upload or Post By the NGO</string>
    <string name="textview4">In This Field NGO See the What Donor Willing to Donate. Which is Post by the Donor.</string>
    <string name="edit_text">Write Here What You Want to Donate…</string>
    <string name="edit_text2">In This Field NGO Write What they Want to Donate.</string>
    <string name="abc">Click Here to Donate</string>
    <string name="thank_you_text">You are the special type of person that changes lives, lifts people up, and makes the world a better place. Thank you for your donation and your association with our cause.</string>
    <string name="thank_you_button">Exit</string>
    <string name="name">Enter Your Name Here</string>
    <string name="email_id">Enter Your Email ID Here</string>
    <string name="phone_number">Enter Your Phone Number Here</string>
    <string name="password">Enter Password Here</string>
    <string name="donor_register">Register</string>
    <string name="login">Login</string>
    <string name="username">Enter Username Here</string>
    <string name="ngo_reg_no">Enter NGO Registration No. Here</string>
    <string name="ngo_email_id">Enter NGO Email ID Here</string>
    <string name="ngo_phone_number">Enter NGO Phone Number Here</string>
    <string name="ngo_address">Enter NGO Address Here</string>
    <string name="splash_text">From</string>
    <string name="kitkat_group">KitKat Group</string>
    <string name="enter_ngo_name_here">Enter NGO Name Here</string>
    <string name="user_name">Donor Name</string>
    <string name="requirement">Requirement</string>
    <string name="photo">Photo</string>
    <string name="mobile_no">Mobile No.</string>
    <string name="ngo_name">NGO Name</string>
</resources>