{"v":"5.6.7","fr":10,"ip":0,"op":60,"w":512,"h":512,"nm":"Icon-4","ddd":0,"assets":[],"layers":[{"ddd":0,"ind":1,"ty":4,"nm":"4/Icons-animation Outlines","sr":1,"ks":{"o":{"a":0,"k":100,"ix":11},"r":{"a":0,"k":0,"ix":10},"p":{"a":0,"k":[256,256.002,0],"ix":2},"a":{"a":0,"k":[246.182,285.348,0],"ix":1},"s":{"a":0,"k":[50,50,100],"ix":6}},"ao":0,"shapes":[{"ty":"gr","it":[{"ind":0,"ty":"sh","ix":1,"ks":{"a":0,"k":{"i":[[45.034,-10.722],[11.259,-1.923],[17.503,-8.822],[16.269,-1.69],[7.765,0],[41.291,3.049],[0,7.393],[-7.246,-0.37],[-19.67,2.218],[1.552,13.309],[17.6,-0.74],[28.987,2.217],[24.329,-2.588],[24.329,-7.025],[0,0],[0,0],[0,-3.675],[0,0],[-5.146,0],[0,0],[-35.717,-1.849],[-40.892,18.855]],"o":[[-7.524,1.791],[-20.835,3.558],[-9.99,5.037],[-6.728,0.739],[-19.67,0],[-10.472,-0.649],[0,-7.395],[2.071,0],[36.234,-4.067],[-1.553,-10.722],[-25.882,0.739],[-33.129,-2.219],[-13.458,1.478],[-5.694,1.478],[0,0],[-5.145,0],[0,0],[0,3.675],[0,0],[49.175,12.57],[71.951,4.067],[40.376,-18.486]],"v":[[191.496,-38.736],[162.88,-33.144],[105.375,-13.713],[66.227,-3.243],[44.487,-2.135],[-21.023,-5.351],[-41.729,-16.441],[-32.888,-24.316],[30.71,-20.99],[76.262,-53.894],[46.239,-74.597],[-38.136,-77.923],[-97.345,-80.143],[-158.426,-65.724],[-174.99,-60.548],[-239.695,-60.548],[-249.012,-53.894],[-249.012,47.776],[-239.694,54.43],[-176.543,54.43],[-31.087,82.528],[223.071,9.326]],"c":true},"ix":2},"nm":"Path 1","mn":"ADBE Vector Shape - Group","hd":false},{"ty":"fl","c":{"a":0,"k":[0,0,0,1],"ix":4},"o":{"a":0,"k":100,"ix":5},"r":1,"bm":0,"nm":"Fill 1","mn":"ADBE Vector Graphic - Fill","hd":false},{"ty":"tr","p":{"a":0,"k":[249.262,448.549],"ix":2},"a":{"a":0,"k":[0,0],"ix":1},"s":{"a":0,"k":[100,100],"ix":3},"r":{"a":0,"k":0,"ix":6},"o":{"a":0,"k":100,"ix":7},"sk":{"a":0,"k":0,"ix":4},"sa":{"a":0,"k":0,"ix":5},"nm":"Transform"}],"nm":"Group 1","np":4,"cix":2,"bm":0,"ix":1,"mn":"ADBE Vector Group","hd":false},{"ty":"gr","it":[{"ind":0,"ty":"sh","ix":1,"ks":{"a":0,"k":{"i":[[-26.136,-49.577],[-26.137,-92.687],[0,0],[-26.137,92.688]],"o":[[26.137,-49.577],[26.137,92.688],[0,0],[26.137,-92.687]],"v":[[-0.001,-80.524],[144.841,-83.104],[-0.001,136.633],[-144.842,-83.104]],"c":true},"ix":2},"nm":"Path 1","mn":"ADBE Vector Shape - Group","hd":false},{"ty":"fl","c":{"a":0,"k":[0,0,0,1],"ix":4},"o":{"a":0,"k":100,"ix":5},"r":1,"bm":0,"nm":"Fill 1","mn":"ADBE Vector Graphic - Fill","hd":false},{"ty":"tr","p":{"a":1,"k":[{"i":{"x":0.667,"y":1},"o":{"x":0.333,"y":0},"t":0,"s":[246.18,176.041],"to":[0,-9.833],"ti":[0,0]},{"i":{"x":0.667,"y":1},"o":{"x":0.333,"y":0},"t":30,"s":[246.18,117.041],"to":[0,0],"ti":[0,-9.833]},{"t":60,"s":[246.18,176.041]}],"ix":2},"a":{"a":0,"k":[0,0],"ix":1},"s":{"a":0,"k":[100,100],"ix":3},"r":{"a":0,"k":0,"ix":6},"o":{"a":0,"k":100,"ix":7},"sk":{"a":0,"k":0,"ix":4},"sa":{"a":0,"k":0,"ix":5},"nm":"Transform"}],"nm":"Group 2","np":4,"cix":2,"bm":0,"ix":2,"mn":"ADBE Vector Group","hd":false}],"ip":0,"op":240,"st":0,"bm":0}],"markers":[]}